Rank,Skill_or_Tool,Mentions
1,Incident response,32
2,SIEM,27
3,Cloud security,26
4,Penetration Testing,26
5,Compliance,25
6,Firewalls,24
7,Network security,24
8,Encryption,20
9,Python,19
10,Azure,19
11,AWS,19
12,Linux,18
13,Windows,16
14,Scripting,16
15,Problem Solving,16
16,Risk Management,15
17,Splunk,15
18,Vulnerability Assessment,14
19,Google Cloud,12
20,IAM,12
21,PowerShell,11
22,Attention to Detail,10
23,VPNs,9
24,Vulnerability Management,9
25,Log Analysis,8
26,Threat intelligence,8
27,Application security,8
28,Microsoft Sentinel,7
29,Threat Hunting,7
30,Wireshark,7
31,Bash,7
32,QRadar,6
33,Nessus,6
34,Ethical Hacking,6
35,Cryptography,6
36,Nmap,6
37,IDS/IPS,6
38,Communication,6
39,Threat Detection,5
40,Analytical Thinking,5
41,SQL,4
42,Qualys,4
43,Java,4
44,Kali Linux,4
45,Elastic Security,4
46,EDR,3
47,Malware Analysis,3
48,JavaScript,3
49,Burp Suite,3
50,Metasploit,3
51,Ruby,3
52,DNS,2
53,SOAR,2
54,ArcSight,2
55,Teamwork,2
56,tcpdump,2
57,Active Directory,2
58,API security,2
59,Routing,2
60,TCP/IP,1
61,PHP,1
62,Detection Engineering,1
63,Zeek,1
64,Suricata,1
65,macOS,1
66,Perl,1
67,Switching,1
68,Digital Forensics,1
69,Virtualization,1
